{
  "MAE_t+1": 0.30578264594078064,
  "RMSE_t+1": 0.33443790674209595,
  "MAE_t+7": 0.10907522588968277,
  "RMSE_t+7": 0.1237049475312233,
  "MAE_avg": 0.27261942625045776,
  "RMSE_avg": 0.3052088330898966,
  "region": "Grandvillers_Robot",
  "probe_name": "Canon3",
  "window": 14,
  "horizon": 7,
  "n_rows": 115,
  "n_train_samples": 60,
  "n_val_samples": 11,
  "n_test_samples": 12,
  "filters": 16,
  "dropout": 0.2
}