{
  "MAE_t+1": 0.561608612537384,
  "RMSE_t+1": 0.5884085297584534,
  "MAE_t+7": 2.0763299465179443,
  "RMSE_t+7": 4.12913703918457,
  "MAE_avg": 0.8148648142814636,
  "RMSE_avg": 1.2376943337065833,
  "region": "Grandvillers_Canon",
  "probe_name": "Canon1",
  "window": 30,
  "horizon": 7,
  "n_rows": 116,
  "n_train_samples": 45,
  "n_val_samples": 11,
  "n_test_samples": 12,
  "filters": 16,
  "dropout": 0.2
}