{
  "MAE_t+1": 0.27764734625816345,
  "RMSE_t+1": 0.3057771623134613,
  "MAE_t+7": 0.35276398062705994,
  "RMSE_t+7": 0.3768228590488434,
  "MAE_avg": 0.29680755734443665,
  "RMSE_avg": 0.3176632502249309,
  "region": "Grandvillers_Canon",
  "probe_name": "Canon2",
  "window": 30,
  "horizon": 7,
  "n_rows": 115,
  "n_train_samples": 44,
  "n_val_samples": 11,
  "n_test_samples": 12,
  "filters": 16,
  "dropout": 0.2
}