{
  "MAE_t+1": 0.6831796765327454,
  "RMSE_t+1": 0.7034203410148621,
  "MAE_t+7": 2.17557692527771,
  "RMSE_t+7": 4.201171398162842,
  "MAE_avg": 0.9734386801719666,
  "RMSE_avg": 1.347234572683062,
  "region": "Grandvillers_Canon",
  "probe_name": "Canon1",
  "window": 14,
  "horizon": 7,
  "n_rows": 116,
  "n_train_samples": 61,
  "n_val_samples": 11,
  "n_test_samples": 12,
  "filters": 16,
  "dropout": 0.2
}