{
  "MAE_t+1": 0.1574123650789261,
  "RMSE_t+1": 0.17730429768562317,
  "MAE_t+7": 0.0529429130256176,
  "RMSE_t+7": 0.0725172907114029,
  "MAE_avg": 0.09720832109451294,
  "RMSE_avg": 0.11490495502948761,
  "region": "Grandvillers_Robot",
  "probe_name": "Canon3",
  "window": 30,
  "horizon": 7,
  "n_rows": 115,
  "n_train_samples": 44,
  "n_val_samples": 11,
  "n_test_samples": 12,
  "filters": 16,
  "dropout": 0.2
}