{
  "MAE_t+1": 0.7617767453193665,
  "RMSE_t+1": 0.7635862231254578,
  "MAE_t+7": 0.7239109873771667,
  "RMSE_t+7": 0.7245556712150574,
  "MAE_avg": 0.7702021598815918,
  "RMSE_avg": 0.7709542683192662,
  "region": "Grandvillers_Robot_20",
  "probe_name": "Robot-20",
  "window": 14,
  "horizon": 7,
  "n_rows": 113,
  "n_train_samples": 59,
  "n_val_samples": 10,
  "n_test_samples": 12,
  "filters": 16,
  "dropout": 0.2
}