{
  "MAE_t+1": 1.150343894958496,
  "RMSE_t+1": 1.1532973051071167,
  "MAE_t+7": 1.2748225927352905,
  "RMSE_t+7": 1.2775979042053223,
  "MAE_avg": 1.1661289930343628,
  "RMSE_avg": 1.1716958284378052,
  "region": "Grandvillers_Sec",
  "probe_name": "Sec",
  "window": 30,
  "horizon": 7,
  "n_rows": 115,
  "n_train_samples": 44,
  "n_val_samples": 11,
  "n_test_samples": 12,
  "filters": 16,
  "dropout": 0.2
}