{
  "MAE_t+1": 0.8551937937736511,
  "RMSE_t+1": 0.8609424829483032,
  "MAE_t+7": 0.6794867515563965,
  "RMSE_t+7": 0.6818405389785767,
  "MAE_avg": 0.7890997529029846,
  "RMSE_avg": 0.7930597748075213,
  "region": "Grandvillers_Robot_20",
  "probe_name": "Robot-20",
  "window": 30,
  "horizon": 7,
  "n_rows": 113,
  "n_train_samples": 43,
  "n_val_samples": 10,
  "n_test_samples": 12,
  "filters": 16,
  "dropout": 0.2
}